Age(days),Weight(g),Activity,Food Intake(g/d),Water Intake(ml/d),Sex,Strain,At Risk
350.0,500.0,6.4,25.0,70.0,Male,Long Evans,False
286.0,375.4,5.0,18.2,59.6,Female,Long Evans,False
365.0,491.9,5.0,22.0,69.4,Male,Fischer 344,False
452.0,451.9,4.0,22.7,70.0,Female,Long Evans,False
277.0,490.0,7.5,25.0,70.0,Male,Long Evans,False
277.0,452.8,7.3,23.0,70.0,Male,Brown Norway,False
458.0,500.0,4.3,21.2,70.0,Female,Sprague Dawley,False
377.0,500.0,6.5,23.9,70.0,Male,Long Evans,False
253.0,375.5,6.848915789473684,23.4,70.0,Female,Brown Norway,False
354.0,414.9628947368421,6.0,22.1,70.0,Male,Fischer 344,False
254.0,372.1,10.0,25.0,70.0,Female,Long Evans,False
253.0,436.9,9.5,21.3,70.0,Male,Fischer 344,False
324.0,466.1,4.8,22.1,70.0,Male,Sprague Dawley,False
109.0,197.6,3.0,12.5,68.13736842105263,Male,Brown Norway,True
128.0,270.1,9.9,25.0,70.0,Female,Sprague Dawley,False
244.0,220.6,1.74,12.5,35.0,Male,Long Evans,True
199.0,345.8,9.2,24.7,70.0,Female,Fischer 344,False
331.0,410.0,9.0,25.0,70.0,Female,Fischer 344,False
209.0,334.6,6.2,25.0,70.0,Female,Sprague Dawley,False
159.0,338.6,7.0,21.8,61.1,Female,Sprague Dawley,False
447.0,455.1,7.1,22.4,70.0,Female,Long Evans,False
277.0,385.0,7.6,23.9,70.0,Female,Brown Norway,False
307.0,385.2,7.8,25.0,70.0,Female,Fischer 344,False
158.0,299.9,8.9,25.0,70.0,Female,Fischer 344,False
246.0,377.9,8.1,22.2,70.0,Female,Long Evans,False
311.0,496.8,4.9,19.8,68.13736842105263,Male,Long Evans,False
185.0,421.7,6.848915789473684,25.0,70.0,Male,Sprague Dawley,False
338.0,500.0,8.4,24.9,70.0,Male,Sprague Dawley,False
240.0,436.7,7.3,24.6,70.0,Male,Brown Norway,False
271.0,414.9628947368421,7.2,24.5,70.0,Male,Long Evans,False
240.0,323.0,5.3,17.8,61.1,Female,Brown Norway,False
485.0,451.8,5.9,24.2,70.0,Female,Long Evans,False
299.0,420.3,7.9,25.0,70.0,Female,Fischer 344,False
194.0,294.5,8.0,25.0,68.13736842105263,Female,Long Evans,False
382.0,424.9,7.9,25.0,70.0,Female,Long Evans,False
178.0,301.2,7.7,25.0,70.0,Female,Fischer 344,False
321.0,398.7,7.6,25.0,70.0,Female,Long Evans,False
104.0,378.7,7.4,22.44178947368421,68.8,Male,Brown Norway,False
167.0,417.5,8.3,22.44178947368421,70.0,Male,Sprague Dawley,False
320.0,480.2,6.848915789473684,22.7,70.0,Male,Sprague Dawley,False
374.0,500.0,6.6,25.0,70.0,Male,Brown Norway,False
317.0,395.9,6.3,24.3,68.13736842105263,Female,Fischer 344,False
288.0,414.9628947368421,6.9,24.4,70.0,Female,Long Evans,False
270.0,394.1,8.5,22.7,70.0,Female,Brown Norway,False
152.0,401.1,7.8,21.8,70.0,Male,Sprague Dawley,False
228.0,351.5,5.3,22.0,70.0,Female,Sprague Dawley,False
254.0,365.6,10.0,25.0,70.0,Female,Brown Norway,False
406.0,414.9628947368421,8.0,23.4,70.0,Female,Sprague Dawley,False
334.0,500.0,4.7,20.9,70.0,Male,Brown Norway,False
124.0,248.3,9.8,25.0,70.0,Female,Sprague Dawley,False
332.0,500.0,5.9,23.5,68.13736842105263,Male,Brown Norway,False
261.0,443.9,7.8,22.1,70.0,Male,Long Evans,False
232.0,428.8,8.1,24.5,68.13736842105263,Male,Long Evans,False
361.0,500.0,6.0,20.6,70.0,Male,Long Evans,False
403.0,466.6,4.8,20.0,70.0,Female,Long Evans,False
393.0,500.0,5.0,20.2,70.0,Male,Sprague Dawley,False
216.0,414.9628947368421,6.5,21.8,70.0,Male,Fischer 344,False
269.0,395.5,6.1,19.8,67.0,Female,Brown Norway,False
333.0,404.7,6.6,22.6,70.0,Female,Fischer 344,False
302.5810526315789,500.0,5.0,19.8,70.0,Male,Sprague Dawley,False
252.0,362.6,8.5,19.3,70.0,Female,Sprague Dawley,False
281.0,433.6,9.4,25.0,70.0,Female,Fischer 344,False
189.0,428.7,7.2,25.0,70.0,Male,Fischer 344,False
180.0,415.9,8.6,24.5,70.0,Male,Sprague Dawley,False
381.0,500.0,6.9,23.4,69.0,Male,Sprague Dawley,False
436.0,474.8,6.4,20.3,70.0,Female,Brown Norway,False
293.0,414.9628947368421,7.2,25.0,70.0,Male,Long Evans,False
400.0,415.7,7.1,25.0,70.0,Female,Long Evans,False
336.0,397.5,7.4,24.1,70.0,Female,Brown Norway,False
235.0,324.3,5.8,24.0,70.0,Female,Fischer 344,False
336.0,414.9628947368421,7.9,22.44178947368421,70.0,Female,Sprague Dawley,False
454.0,500.0,6.8,20.5,65.2,Male,Fischer 344,False
296.0,411.2,5.9,21.2,70.0,Female,Long Evans,False
456.0,500.0,5.5,21.9,70.0,Male,Long Evans,False
60.0,212.1,10.0,25.0,70.0,Female,Fischer 344,False
382.0,438.2,5.9,21.6,70.0,Female,Long Evans,False
302.5810526315789,500.0,8.5,25.0,70.0,Male,Sprague Dawley,False
270.0,449.9,10.0,22.44178947368421,70.0,Male,Brown Norway,False
309.0,482.8,5.7,22.0,70.0,Male,Fischer 344,False
101.0,261.0,6.9,21.2,70.0,Female,Sprague Dawley,False
278.0,351.1,7.7,22.8,70.0,Female,Sprague Dawley,False
336.0,500.0,7.7,21.7,70.0,Male,Long Evans,False
448.0,500.0,5.2,23.2,70.0,Male,Sprague Dawley,False
248.0,457.3,9.7,22.4,70.0,Male,Fischer 344,False
219.0,413.7,5.8,24.3,70.0,Male,Sprague Dawley,False
250.0,341.1,8.5,22.44178947368421,70.0,Female,Brown Norway,False
392.0,500.0,5.2,20.6,65.2,Male,Sprague Dawley,False
333.0,492.3,9.3,20.9,70.0,Male,Sprague Dawley,False
247.0,482.8,10.0,25.0,70.0,Male,Brown Norway,False
351.0,500.0,5.3,21.3,70.0,Male,Sprague Dawley,False
310.0,414.9628947368421,6.1,20.3,70.0,Female,Sprague Dawley,False
397.0,500.0,7.3,22.8,67.5,Male,Long Evans,False
230.0,309.5,7.1,25.0,70.0,Female,Fischer 344,False
267.0,414.9628947368421,7.3,25.0,70.0,Male,Long Evans,False
261.0,426.0,7.4,22.44178947368421,70.0,Male,Fischer 344,False
154.0,317.4,5.6,18.5,67.0,Female,Long Evans,False
302.5810526315789,486.7,6.7,22.4,70.0,Male,Brown Norway,False
326.0,446.8,6.848915789473684,22.44178947368421,68.0,Female,Brown Norway,False
301.0,369.0,6.3,23.5,70.0,Female,Fischer 344,False
277.0,469.6,9.4,25.0,70.0,Male,Fischer 344,False
158.0,414.9628947368421,6.5,23.9,70.0,Female,Fischer 344,False
302.5810526315789,394.9,8.6,25.0,70.0,Female,Brown Norway,False
266.0,400.7,6.9,24.9,70.0,Female,Fischer 344,False
220.0,356.0,7.4,23.8,70.0,Female,Sprague Dawley,False
284.0,390.8,8.3,24.6,68.5,Female,Long Evans,False
340.0,416.1,7.1,22.44178947368421,69.7,Female,Brown Norway,False
489.0,500.0,6.0,24.5,70.0,Female,Long Evans,False
317.0,189.75,2.49,11.85,35.0,Female,Sprague Dawley,True
326.0,479.1,6.2,22.6,67.3,Male,Fischer 344,False
293.0,475.5,6.2,22.44178947368421,70.0,Male,Long Evans,False
108.0,261.5,7.3,22.7,70.0,Female,Sprague Dawley,False
297.0,469.3,5.8,19.2,70.0,Male,Sprague Dawley,False
306.0,397.5,10.0,25.0,70.0,Female,Long Evans,False
546.0,500.0,6.4,22.6,70.0,Female,Brown Norway,False
281.0,470.2,5.2,22.2,70.0,Male,Long Evans,False
330.0,427.6,4.7,19.6,68.8,Female,Brown Norway,False
297.0,355.1,7.8,25.0,70.0,Female,Fischer 344,False
183.0,306.0,9.0,24.0,70.0,Female,Brown Norway,False
414.0,434.2,6.7,25.0,70.0,Female,Fischer 344,False
375.0,487.8,5.9,18.5,62.4,Male,Long Evans,False
379.0,425.8,6.0,23.1,70.0,Female,Fischer 344,False
209.0,323.0,8.4,25.0,70.0,Female,Sprague Dawley,False
440.0,494.4,6.848915789473684,20.3,68.5,Female,Fischer 344,False
160.0,408.5,5.1,21.9,70.0,Male,Long Evans,False
359.0,394.7,6.1,24.8,70.0,Female,Brown Norway,False
519.0,500.0,3.5,14.8,55.1,Male,Brown Norway,False
201.0,445.0,8.3,25.0,70.0,Male,Fischer 344,False
243.0,357.7,10.0,22.0,70.0,Female,Brown Norway,False
310.0,381.4,7.5,22.0,70.0,Female,Brown Norway,False
250.0,430.6,7.0,25.0,70.0,Male,Sprague Dawley,False
145.0,279.5,6.848915789473684,25.0,70.0,Female,Fischer 344,False
307.0,500.0,7.7,21.8,70.0,Male,Sprague Dawley,False
194.0,454.0,8.7,25.0,70.0,Male,Brown Norway,False
347.0,439.3,7.4,25.0,70.0,Female,Brown Norway,False
208.0,315.1,10.0,23.3,70.0,Female,Brown Norway,False
455.0,500.0,3.8,17.4,62.0,Male,Fischer 344,False
302.5810526315789,435.8,8.5,25.0,70.0,Male,Long Evans,False
268.0,425.3,5.9,25.0,70.0,Male,Long Evans,False
381.0,500.0,7.0,23.2,70.0,Male,Brown Norway,False
302.5810526315789,303.2,6.9,20.7,67.1,Female,Brown Norway,False
323.0,384.3,6.1,25.0,70.0,Female,Brown Norway,False
431.0,426.5,5.3,24.5,70.0,Female,Long Evans,False
139.0,293.8,10.0,25.0,70.0,Female,Long Evans,False
318.0,380.4,8.2,23.2,70.0,Female,Long Evans,False
326.0,472.2,4.9,20.7,70.0,Male,Long Evans,False
378.0,369.5,6.3,22.2,70.0,Female,Brown Norway,False
176.0,305.2,7.2,24.3,70.0,Female,Brown Norway,False
168.0,336.2,6.4,25.0,70.0,Female,Long Evans,False
352.0,444.5,6.2,24.1,68.13736842105263,Female,Long Evans,False
330.0,388.7,6.2,22.44178947368421,67.7,Female,Long Evans,False
325.0,483.0,10.0,22.44178947368421,70.0,Male,Brown Norway,False
335.0,500.0,7.3,24.4,70.0,Male,Sprague Dawley,False
232.0,419.2,5.6,23.1,70.0,Male,Sprague Dawley,False
323.0,400.0,5.9,25.0,70.0,Female,Sprague Dawley,False
329.0,500.0,8.2,22.7,70.0,Male,Long Evans,False
229.0,461.7,10.0,25.0,70.0,Male,Fischer 344,False
487.0,489.9,2.8,17.2,70.0,Female,Brown Norway,False
347.0,404.4,3.7,16.3,66.8,Female,Sprague Dawley,False
181.0,291.0,10.0,25.0,70.0,Female,Fischer 344,False
366.0,500.0,6.9,25.0,70.0,Female,Brown Norway,False
203.0,417.0,6.7,19.3,68.3,Male,Fischer 344,False
379.0,217.3,2.1,11.7,35.0,Female,Long Evans,True
416.0,467.8,1.9,18.5,68.13736842105263,Female,Long Evans,False
218.0,414.7,7.8,24.6,70.0,Male,Long Evans,False
396.0,500.0,6.5,22.6,70.0,Male,Sprague Dawley,False
341.0,399.3,8.0,22.0,70.0,Female,Brown Norway,False
382.0,428.9,4.7,21.1,66.8,Female,Long Evans,False
490.0,500.0,5.2,19.8,70.0,Male,Sprague Dawley,False
275.0,316.8,5.9,17.6,60.8,Female,Sprague Dawley,False
225.0,452.5,8.1,25.0,70.0,Female,Sprague Dawley,False
211.0,441.4,6.5,24.8,70.0,Male,Sprague Dawley,False
218.0,425.4,7.2,23.7,70.0,Female,Long Evans,False
292.0,414.9628947368421,5.6,22.2,70.0,Male,Sprague Dawley,False
334.0,410.8,7.6,25.0,70.0,Female,Long Evans,False
302.5810526315789,365.4,8.0,25.0,70.0,Female,Long Evans,False
383.0,500.0,5.8,23.8,70.0,Male,Sprague Dawley,False
301.0,496.7,6.848915789473684,22.9,70.0,Male,Long Evans,False
445.0,500.0,3.4,21.7,70.0,Male,Brown Norway,False
274.0,470.0,6.848915789473684,23.8,70.0,Male,Brown Norway,False
572.0,500.0,4.2,22.44178947368421,67.9,Male,Fischer 344,False
363.0,426.9,10.0,24.5,70.0,Female,Brown Norway,False
214.0,327.9,6.2,23.0,70.0,Female,Long Evans,False
193.0,283.4,10.0,25.0,70.0,Female,Long Evans,False
348.0,432.2,8.0,23.3,70.0,Female,Brown Norway,False
278.0,451.9,7.6,22.5,70.0,Male,Sprague Dawley,False
371.0,500.0,8.9,23.6,70.0,Male,Sprague Dawley,False
347.0,500.0,7.1,25.0,70.0,Male,Long Evans,False
293.0,498.6,7.7,25.0,70.0,Male,Sprague Dawley,False
215.0,408.9,7.8,25.0,70.0,Male,Fischer 344,False
149.0,290.3,10.0,24.6,70.0,Female,Fischer 344,False
255.0,461.8,9.1,25.0,70.0,Male,Brown Norway,False
386.0,445.2,5.2,18.7,70.0,Female,Brown Norway,False
321.0,396.4,4.8,19.4,70.0,Female,Sprague Dawley,False
175.0,297.9,7.9,22.7,70.0,Female,Long Evans,False
317.0,373.8,5.6,24.2,70.0,Female,Brown Norway,False
339.0,250.0,1.95,11.0,34.35,Male,Fischer 344,True
212.0,305.5,9.7,22.44178947368421,70.0,Female,Brown Norway,False
315.0,330.8,6.2,23.6,70.0,Female,Brown Norway,False
302.5810526315789,392.2,6.9,25.0,70.0,Female,Fischer 344,False
186.0,429.5,8.2,21.9,68.13736842105263,Male,Long Evans,False
336.0,454.2,7.9,25.0,70.0,Male,Brown Norway,False
356.0,493.5,3.1,21.0,70.0,Male,Brown Norway,False
408.0,457.4,5.0,19.1,66.7,Female,Brown Norway,False
405.0,484.4,6.3,24.5,70.0,Female,Sprague Dawley,False
162.0,397.8,10.0,25.0,70.0,Female,Brown Norway,False
206.0,309.2,7.2,22.44178947368421,70.0,Female,Fischer 344,False
352.0,500.0,6.848915789473684,17.8,64.4,Male,Long Evans,False
351.0,500.0,7.4,22.5,70.0,Male,Long Evans,False
352.0,398.0,5.5,25.0,70.0,Female,Fischer 344,False
685.0,500.0,6.848915789473684,16.6,69.8,Female,Sprague Dawley,False
302.5810526315789,404.6,5.5,23.2,70.0,Female,Fischer 344,False
414.0,429.1,6.848915789473684,22.44178947368421,69.0,Female,Long Evans,False
395.0,500.0,5.1,19.6,67.5,Male,Fischer 344,False
365.0,414.9628947368421,3.0,20.8,70.0,Male,Sprague Dawley,False
268.0,467.5,8.7,22.7,70.0,Male,Long Evans,False
376.0,500.0,8.2,24.0,70.0,Male,Sprague Dawley,False
223.0,427.8,8.8,25.0,70.0,Male,Fischer 344,False
276.0,334.5,5.5,21.9,63.6,Female,Brown Norway,False
251.0,468.5,7.2,23.3,70.0,Male,Fischer 344,False
308.0,483.4,6.9,24.1,70.0,Male,Sprague Dawley,False
531.0,500.0,5.6,23.1,70.0,Male,Fischer 344,False
113.0,331.8,9.9,25.0,70.0,Female,Brown Norway,False
369.0,427.2,5.2,19.3,70.0,Female,Sprague Dawley,False
139.0,268.2,8.7,22.44178947368421,65.6,Female,Fischer 344,False
253.0,343.2,8.2,25.0,70.0,Female,Sprague Dawley,False
409.0,500.0,8.1,25.0,70.0,Male,Sprague Dawley,False
306.0,486.1,8.0,21.8,70.0,Male,Long Evans,False
192.0,286.6,9.3,25.0,68.13736842105263,Female,Long Evans,False
228.0,355.5,7.8,20.5,66.5,Female,Sprague Dawley,False
368.0,500.0,8.4,25.0,70.0,Male,Fischer 344,False
227.0,473.6,8.3,25.0,70.0,Male,Fischer 344,False
322.0,414.6,5.5,19.7,70.0,Female,Fischer 344,False
305.0,373.8,9.1,24.2,70.0,Female,Brown Norway,False
235.0,414.9628947368421,8.7,25.0,70.0,Female,Sprague Dawley,False
514.0,500.0,4.2,16.9,69.4,Female,Sprague Dawley,False
302.5810526315789,500.0,5.6,20.5,70.0,Male,Brown Norway,False
97.0,368.2,9.5,25.0,70.0,Male,Sprague Dawley,False
319.0,474.3,7.5,22.7,70.0,Male,Sprague Dawley,False
234.0,327.4,8.0,24.1,70.0,Female,Brown Norway,False
385.0,451.7,6.6,24.4,70.0,Female,Long Evans,False
221.0,425.8,10.0,25.0,70.0,Male,Sprague Dawley,False
289.0,465.0,8.7,25.0,65.4,Male,Brown Norway,False
350.0,491.2,6.8,22.44178947368421,70.0,Male,Fischer 344,False
387.0,500.0,7.5,24.8,68.13736842105263,Male,Long Evans,False
180.0,349.2,6.7,22.7,65.4,Female,Fischer 344,False
267.0,438.6,7.9,25.0,65.8,Male,Sprague Dawley,False
253.0,452.0,10.0,25.0,70.0,Male,Long Evans,False
235.0,469.0,7.3,23.4,70.0,Male,Brown Norway,False
477.0,500.0,4.0,17.8,64.4,Male,Sprague Dawley,False
340.0,500.0,5.6,21.7,70.0,Male,Brown Norway,False
174.0,383.1,6.6,21.3,70.0,Male,Long Evans,False
392.0,500.0,4.9,18.7,70.0,Male,Long Evans,False
512.0,500.0,4.3,20.7,64.4,Female,Sprague Dawley,False
403.0,461.7,3.9,22.44178947368421,69.9,Female,Long Evans,False
148.0,414.9628947368421,8.5,25.0,70.0,Female,Brown Norway,False
252.0,402.7,8.8,24.7,70.0,Female,Long Evans,False
427.0,500.0,4.4,21.1,70.0,Male,Brown Norway,False
229.0,344.1,10.0,25.0,70.0,Female,Long Evans,False
344.0,410.5,7.3,24.7,70.0,Female,Sprague Dawley,False
377.0,500.0,7.8,22.7,70.0,Male,Long Evans,False
207.0,431.2,6.9,23.6,70.0,Male,Sprague Dawley,False
294.0,370.5,8.3,25.0,70.0,Female,Long Evans,False
60.0,239.4,7.8,24.3,70.0,Female,Fischer 344,False
198.0,444.9,9.4,22.1,69.4,Male,Long Evans,False
275.0,414.9628947368421,7.5,24.3,70.0,Female,Fischer 344,False
175.0,427.9,9.1,25.0,70.0,Male,Long Evans,False
463.0,500.0,3.6,18.6,70.0,Male,Long Evans,False
157.0,391.8,7.1,22.0,70.0,Male,Brown Norway,False
256.0,411.2,8.3,25.0,70.0,Male,Brown Norway,False
313.0,375.7,5.4,22.2,70.0,Female,Sprague Dawley,False
444.0,500.0,6.3,24.9,70.0,Male,Brown Norway,False
156.0,393.4,6.4,20.1,69.5,Male,Long Evans,False
416.0,429.8,7.1,25.0,70.0,Female,Brown Norway,False
301.0,235.25,1.5299999999999998,11.2,35.0,Male,Long Evans,True
202.0,337.9,8.8,25.0,70.0,Female,Fischer 344,False
346.0,209.35,2.25,12.3,68.13736842105263,Female,Long Evans,True
320.0,387.2,5.8,24.0,70.0,Female,Sprague Dawley,False
302.5810526315789,436.7,8.5,25.0,70.0,Male,Fischer 344,False
307.0,376.4,7.3,21.5,70.0,Female,Sprague Dawley,False
261.0,338.4,6.6,24.5,70.0,Female,Sprague Dawley,False
302.5810526315789,500.0,5.4,21.3,68.13736842105263,Male,Sprague Dawley,False
366.0,413.3,3.4,19.2,63.6,Female,Brown Norway,False
459.0,499.5,5.9,22.3,70.0,Female,Sprague Dawley,False
176.0,336.2,5.9,21.8,70.0,Female,Fischer 344,False
513.0,500.0,5.0,23.4,70.0,Female,Long Evans,False
105.0,254.2,8.6,25.0,70.0,Female,Long Evans,False
285.0,479.0,8.2,22.6,70.0,Male,Fischer 344,False
359.0,414.8,6.0,21.4,69.8,Female,Sprague Dawley,False
328.0,378.8,6.2,22.8,70.0,Female,Long Evans,False
238.0,449.1,8.7,25.0,70.0,Male,Fischer 344,False
279.0,443.9,7.7,25.0,70.0,Male,Fischer 344,False
251.0,474.2,8.0,22.9,68.13736842105263,Male,Long Evans,False
241.0,335.3,8.3,25.0,70.0,Female,Long Evans,False
385.0,414.9628947368421,3.8,20.1,65.5,Male,Long Evans,False
336.0,407.1,7.8,25.0,70.0,Female,Fischer 344,False
231.0,333.2,8.6,25.0,70.0,Female,Fischer 344,False
390.0,500.0,4.6,21.6,68.13736842105263,Male,Long Evans,False
331.0,488.9,6.3,24.3,70.0,Male,Long Evans,False
381.0,446.2,6.848915789473684,24.8,70.0,Female,Fischer 344,False
302.5810526315789,490.9,6.2,24.5,70.0,Male,Long Evans,False
217.0,332.8,8.3,25.0,70.0,Female,Long Evans,False
244.0,485.2,9.7,25.0,70.0,Male,Long Evans,False
375.0,414.9628947368421,7.9,23.3,70.0,Male,Long Evans,False
361.0,500.0,4.4,21.0,70.0,Male,Fischer 344,False
298.0,389.0,8.0,25.0,70.0,Female,Fischer 344,False
312.0,490.6,8.9,25.0,70.0,Male,Fischer 344,False
428.0,463.7,6.848915789473684,24.7,68.13736842105263,Female,Long Evans,False
241.0,354.3,9.2,25.0,70.0,Female,Fischer 344,False
355.0,425.5,9.5,24.5,70.0,Female,Brown Norway,False
280.0,390.1,8.7,23.8,70.0,Female,Sprague Dawley,False
278.0,475.1,7.6,23.8,70.0,Male,Brown Norway,False
410.0,441.1,7.5,24.6,70.0,Female,Long Evans,False
302.5810526315789,443.0,6.4,21.6,70.0,Female,Fischer 344,False
381.0,500.0,6.2,25.0,70.0,Male,Long Evans,False
431.0,414.9628947368421,5.2,22.0,70.0,Female,Sprague Dawley,False
302.0,461.8,9.3,25.0,70.0,Male,Long Evans,False
368.0,443.1,5.1,18.2,63.4,Female,Fischer 344,False
269.0,459.0,9.6,23.9,70.0,Male,Sprague Dawley,False
332.0,356.0,6.848915789473684,24.5,70.0,Female,Sprague Dawley,False
302.5810526315789,489.1,5.0,16.8,65.3,Male,Fischer 344,False
310.0,375.1,7.5,25.0,70.0,Female,Fischer 344,False
360.0,413.9,3.3,22.44178947368421,67.0,Female,Fischer 344,False
218.0,437.5,8.8,25.0,70.0,Male,Long Evans,False
509.0,500.0,6.2,25.0,70.0,Male,Brown Norway,False
199.0,433.8,7.1,23.2,70.0,Female,Long Evans,False
179.0,398.4,8.4,24.9,70.0,Male,Long Evans,False
416.0,459.7,8.8,25.0,70.0,Female,Brown Norway,False
379.0,422.3,5.4,24.9,70.0,Female,Fischer 344,False
302.5810526315789,500.0,4.8,17.5,65.1,Male,Fischer 344,False
363.0,430.0,8.6,21.7,70.0,Female,Brown Norway,False
299.0,460.6,10.0,25.0,70.0,Female,Brown Norway,False
210.0,447.9,7.9,25.0,64.1,Male,Long Evans,False
308.0,373.8,8.4,25.0,70.0,Female,Sprague Dawley,False
232.0,355.5,9.7,25.0,70.0,Female,Brown Norway,False
398.0,445.9,4.9,18.5,70.0,Female,Long Evans,False
285.0,407.9,6.4,22.44178947368421,66.2,Female,Sprague Dawley,False
217.0,326.0,9.7,25.0,70.0,Female,Fischer 344,False
268.0,353.7,9.8,25.0,70.0,Female,Long Evans,False
341.0,404.4,7.4,22.44178947368421,64.5,Female,Long Evans,False
244.0,440.1,6.2,22.8,70.0,Male,Long Evans,False
218.0,446.7,10.0,25.0,70.0,Male,Brown Norway,False
324.0,462.3,6.0,21.9,70.0,Male,Fischer 344,False
324.0,473.6,6.3,21.6,69.2,Male,Long Evans,False
249.0,428.2,8.0,24.3,70.0,Male,Fischer 344,False
253.0,370.7,9.8,25.0,70.0,Female,Fischer 344,False
323.0,500.0,8.0,22.0,68.13736842105263,Male,Brown Norway,False
302.5810526315789,391.0,9.1,24.5,70.0,Male,Sprague Dawley,False
159.0,196.1,2.73,12.5,35.0,Male,Brown Norway,True
228.0,438.3,7.8,25.0,70.0,Male,Long Evans,False
279.0,490.4,8.1,25.0,70.0,Male,Brown Norway,False
331.0,480.1,2.9,16.5,70.0,Male,Long Evans,False
448.0,500.0,5.1,20.7,70.0,Male,Fischer 344,False
386.0,451.0,6.5,18.5,67.6,Female,Brown Norway,False
284.0,380.4,5.4,21.9,68.3,Female,Long Evans,False
298.0,482.7,7.6,25.0,68.13736842105263,Male,Sprague Dawley,False
200.0,169.95,6.848915789473684,10.65,35.0,Female,Brown Norway,True
298.0,324.8,9.7,25.0,70.0,Female,Brown Norway,False
271.0,376.2,9.6,25.0,70.0,Female,Sprague Dawley,False
332.0,386.3,6.0,24.7,70.0,Female,Long Evans,False
217.0,393.8,7.6,23.2,70.0,Male,Long Evans,False
352.0,421.4,6.4,21.3,69.8,Female,Brown Norway,False
453.0,414.9628947368421,4.8,16.8,65.1,Female,Fischer 344,False
289.0,370.7,7.4,24.1,70.0,Female,Brown Norway,False
340.0,500.0,5.5,25.0,70.0,Male,Sprague Dawley,False
369.0,500.0,4.6,21.1,68.9,Male,Long Evans,False
260.0,241.1,2.49,12.5,35.0,Male,Sprague Dawley,True
322.0,500.0,7.7,24.9,70.0,Male,Brown Norway,False
301.0,495.6,5.8,21.9,70.0,Male,Brown Norway,False
310.0,487.4,6.848915789473684,23.3,70.0,Male,Long Evans,False
223.0,401.6,6.8,24.8,70.0,Male,Fischer 344,False
302.5810526315789,376.5,7.4,24.3,70.0,Female,Brown Norway,False
302.5810526315789,393.0,7.7,24.3,70.0,Female,Long Evans,False
445.0,500.0,5.5,19.6,63.4,Female,Brown Norway,False
396.0,250.0,2.01,12.5,35.0,Male,Long Evans,True
515.0,500.0,4.1,21.2,70.0,Male,Long Evans,False
223.0,445.0,7.5,22.9,70.0,Male,Fischer 344,False
387.0,500.0,5.8,24.0,70.0,Male,Brown Norway,False
318.0,500.0,5.7,20.8,66.8,Male,Long Evans,False
519.0,498.9,4.5,18.9,70.0,Female,Sprague Dawley,False
219.0,335.4,5.5,20.1,70.0,Female,Sprague Dawley,False
216.0,414.8,7.1,20.0,68.13736842105263,Male,Sprague Dawley,False
240.0,417.6,7.2,24.5,70.0,Male,Fischer 344,False
88.0,340.3,8.7,21.8,70.0,Male,Long Evans,False
247.0,447.7,7.2,21.1,70.0,Male,Fischer 344,False
224.0,325.9,7.7,20.0,64.6,Female,Brown Norway,False
315.0,475.2,7.6,23.9,68.13736842105263,Male,Brown Norway,False
334.0,472.4,8.0,24.3,70.0,Male,Long Evans,False
488.0,500.0,4.1,19.3,70.0,Male,Sprague Dawley,False
395.0,500.0,4.2,18.0,68.13736842105263,Male,Long Evans,False
242.0,360.6,6.0,22.44178947368421,64.9,Female,Long Evans,False
210.0,427.7,7.2,24.5,70.0,Male,Long Evans,False
349.0,480.4,6.0,21.1,70.0,Female,Fischer 344,False
168.0,294.6,7.2,24.2,68.13736842105263,Female,Brown Norway,False
483.0,414.9628947368421,3.2,17.1,60.9,Female,Long Evans,False
418.0,457.1,5.1,21.5,62.6,Female,Long Evans,False
253.0,478.7,7.7,22.44178947368421,70.0,Male,Long Evans,False
129.0,169.85,2.88,12.5,35.0,Male,Fischer 344,True
435.0,414.9628947368421,4.8,19.9,67.9,Female,Fischer 344,False
289.0,369.9,6.5,23.3,70.0,Female,Long Evans,False
424.0,467.7,4.4,19.8,70.0,Female,Long Evans,False
141.0,288.6,8.5,25.0,70.0,Female,Sprague Dawley,False
240.0,329.0,6.3,21.9,68.13736842105263,Female,Sprague Dawley,False
301.0,373.9,7.9,24.1,70.0,Female,Sprague Dawley,False
305.0,466.9,4.3,20.6,61.4,Male,Brown Norway,False
255.0,474.5,6.9,21.3,62.4,Male,Long Evans,False
362.0,500.0,6.8,21.2,70.0,Male,Sprague Dawley,False
193.0,354.0,8.3,22.2,70.0,Female,Sprague Dawley,False
286.0,370.2,10.0,23.8,70.0,Female,Sprague Dawley,False
312.0,373.0,7.4,21.5,65.9,Female,Long Evans,False
351.0,380.6,6.848915789473684,21.3,69.0,Female,Sprague Dawley,False
371.0,386.6,6.1,20.6,69.9,Female,Sprague Dawley,False
302.5810526315789,414.9628947368421,5.5,22.6,67.2,Female,Long Evans,False
147.0,393.3,8.4,25.0,70.0,Male,Brown Norway,False
428.0,500.0,4.5,22.44178947368421,66.1,Female,Fischer 344,False
333.0,368.3,8.0,25.0,70.0,Female,Sprague Dawley,False
225.0,453.0,6.9,24.9,70.0,Male,Fischer 344,False
455.0,463.4,5.3,19.3,68.13736842105263,Female,Long Evans,False
312.0,489.9,5.9,23.0,66.3,Male,Brown Norway,False
418.0,483.0,8.4,23.4,70.0,Female,Sprague Dawley,False
307.0,402.0,6.5,22.9,70.0,Female,Long Evans,False
506.0,414.9628947368421,7.7,21.7,70.0,Male,Brown Norway,False
476.0,500.0,6.5,19.2,67.1,Male,Fischer 344,False
275.0,322.0,8.0,23.8,70.0,Female,Fischer 344,False
397.0,423.9,6.6,22.7,68.13736842105263,Female,Fischer 344,False
365.0,500.0,6.9,22.5,70.0,Male,Fischer 344,False
437.0,500.0,2.7,15.9,60.4,Male,Brown Norway,False
204.0,319.5,7.5,23.3,70.0,Female,Sprague Dawley,False
369.0,500.0,7.6,24.6,70.0,Male,Sprague Dawley,False
406.0,439.0,5.9,22.0,68.13736842105263,Female,Fischer 344,False
124.0,261.5,6.7,23.3,70.0,Female,Sprague Dawley,False
182.0,312.4,8.1,23.4,70.0,Female,Fischer 344,False
96.0,266.5,10.0,25.0,70.0,Female,Fischer 344,False
273.0,442.0,9.1,23.6,70.0,Male,Long Evans,False
372.0,500.0,6.2,23.4,70.0,Male,Brown Norway,False
450.0,500.0,6.9,25.0,70.0,Male,Brown Norway,False
307.0,484.8,6.4,23.6,70.0,Male,Fischer 344,False
463.0,500.0,2.8,18.0,70.0,Male,Brown Norway,False
162.0,401.9,7.0,22.3,68.7,Male,Sprague Dawley,False
130.0,198.45,3.0,12.5,35.0,Male,Fischer 344,True
302.5810526315789,382.4,6.6,20.1,70.0,Female,Long Evans,False
338.0,490.8,6.3,20.6,61.6,Female,Sprague Dawley,False
297.0,485.3,6.6,22.1,68.13736842105263,Female,Long Evans,False
93.0,233.1,10.0,25.0,70.0,Female,Long Evans,False
291.0,476.8,9.5,25.0,70.0,Male,Brown Norway,False
170.0,414.9628947368421,10.0,25.0,70.0,Male,Brown Norway,False
367.0,416.0,6.1,21.7,70.0,Female,Fischer 344,False
337.0,499.4,7.1,22.3,70.0,Male,Brown Norway,False
206.0,386.0,5.7,20.4,70.0,Male,Long Evans,False
249.0,438.2,9.7,25.0,70.0,Male,Long Evans,False
194.0,318.3,6.3,19.8,68.9,Female,Sprague Dawley,False
294.0,479.4,7.4,25.0,70.0,Male,Long Evans,False
396.0,500.0,4.4,21.9,70.0,Male,Fischer 344,False
201.0,346.2,7.1,25.0,69.1,Female,Fischer 344,False
350.0,492.9,5.2,20.4,68.1,Male,Brown Norway,False
247.0,367.6,6.6,22.6,70.0,Female,Brown Norway,False
221.0,341.0,7.0,20.5,70.0,Female,Brown Norway,False
289.0,414.9628947368421,6.3,21.5,59.9,Male,Fischer 344,False
196.0,353.4,9.3,25.0,70.0,Female,Long Evans,False
245.0,322.9,5.9,24.7,70.0,Female,Brown Norway,False
180.0,426.5,8.5,23.0,70.0,Male,Sprague Dawley,False
496.0,500.0,6.9,22.5,70.0,Female,Brown Norway,False
304.0,368.7,6.2,22.1,70.0,Female,Fischer 344,False
230.0,465.9,6.6,20.2,70.0,Male,Brown Norway,False
321.0,487.8,6.4,23.9,70.0,Male,Long Evans,False
289.0,479.0,8.9,24.2,70.0,Male,Brown Norway,False
278.0,371.9,7.5,23.6,70.0,Female,Fischer 344,False
361.0,500.0,5.6,20.8,69.2,Male,Fischer 344,False
376.0,414.9628947368421,7.0,21.8,69.4,Female,Sprague Dawley,False
247.0,364.0,6.848915789473684,22.0,70.0,Female,Long Evans,False
242.0,414.9628947368421,8.6,24.9,70.0,Female,Sprague Dawley,False
272.0,389.6,7.9,23.7,70.0,Female,Long Evans,False
70.0,208.6,8.8,22.44178947368421,68.13736842105263,Female,Fischer 344,False
148.0,309.7,7.3,22.44178947368421,70.0,Female,Brown Norway,False
437.0,484.5,4.3,23.5,70.0,Female,Long Evans,False
464.0,500.0,6.2,22.7,70.0,Male,Brown Norway,False
275.0,456.8,9.1,25.0,70.0,Male,Brown Norway,False
358.0,392.5,5.5,18.8,70.0,Female,Brown Norway,False
331.0,394.4,7.4,24.2,70.0,Female,Long Evans,False
608.0,500.0,0.8,13.8,51.3,Male,Long Evans,False
412.0,462.8,5.0,18.1,67.3,Female,Fischer 344,False
287.0,498.5,7.1,22.44178947368421,70.0,Male,Brown Norway,False
204.0,450.6,6.6,25.0,70.0,Male,Sprague Dawley,False
139.0,372.4,7.2,25.0,70.0,Male,Fischer 344,False
320.0,388.0,5.8,22.4,70.0,Female,Long Evans,False
224.0,301.0,8.2,21.8,70.0,Female,Sprague Dawley,False
158.0,414.9628947368421,8.1,24.4,70.0,Male,Long Evans,False
235.0,460.5,4.3,20.8,70.0,Male,Sprague Dawley,False
192.0,447.4,4.9,21.2,70.0,Male,Fischer 344,False
469.0,500.0,4.4,16.6,58.9,Male,Sprague Dawley,False
388.0,500.0,6.8,21.4,70.0,Male,Fischer 344,False
299.0,379.0,2.9,18.3,69.8,Female,Long Evans,False
448.0,500.0,4.8,21.8,70.0,Male,Sprague Dawley,False
308.0,368.5,6.1,18.0,62.1,Female,Brown Norway,False
214.0,436.8,9.9,25.0,70.0,Male,Brown Norway,False
452.0,461.9,4.9,21.2,70.0,Female,Long Evans,False
354.0,412.0,6.848915789473684,25.0,70.0,Female,Sprague Dawley,False
196.0,328.7,8.2,25.0,70.0,Female,Brown Norway,False
281.0,368.7,4.0,21.0,65.8,Female,Fischer 344,False
212.0,318.7,9.0,24.2,70.0,Female,Sprague Dawley,False
302.5810526315789,294.8,8.7,21.6,70.0,Female,Sprague Dawley,False
393.0,500.0,6.8,22.4,69.5,Male,Brown Norway,False
491.0,487.2,10.0,25.0,70.0,Female,Fischer 344,False
160.0,390.9,5.3,24.1,68.13736842105263,Male,Fischer 344,False
356.0,445.8,9.0,25.0,70.0,Female,Fischer 344,False
235.0,352.2,7.2,24.5,70.0,Female,Sprague Dawley,False
251.0,444.9,6.848915789473684,25.0,68.13736842105263,Male,Long Evans,False
241.0,358.4,7.5,22.9,70.0,Female,Sprague Dawley,False
214.0,421.5,7.2,23.4,70.0,Male,Sprague Dawley,False
305.0,500.0,6.1,25.0,70.0,Male,Brown Norway,False
217.0,437.5,8.3,23.1,70.0,Male,Long Evans,False
327.0,494.1,4.5,23.6,70.0,Male,Fischer 344,False
295.0,385.9,8.2,24.2,70.0,Female,Brown Norway,False
276.0,334.2,6.6,22.44178947368421,70.0,Female,Sprague Dawley,False
302.5810526315789,403.0,6.2,19.6,63.5,Male,Long Evans,False
242.0,321.5,6.9,24.5,70.0,Female,Fischer 344,False
376.0,428.2,8.1,23.3,70.0,Female,Fischer 344,False
350.0,500.0,5.7,19.0,65.4,Male,Sprague Dawley,False
202.0,366.0,8.5,25.0,70.0,Female,Fischer 344,False
310.0,498.7,5.8,24.0,70.0,Male,Fischer 344,False
375.0,414.9628947368421,7.4,22.2,70.0,Male,Long Evans,False
133.0,243.8,9.7,23.6,70.0,Female,Brown Norway,False
302.5810526315789,401.7,9.2,25.0,70.0,Female,Long Evans,False
234.0,324.5,7.4,23.7,68.13736842105263,Female,Brown Norway,False
357.0,250.0,2.22,12.5,35.0,Male,Brown Norway,True
224.0,430.8,7.9,22.44178947368421,70.0,Male,Brown Norway,False
120.0,262.3,10.0,25.0,70.0,Female,Fischer 344,False
137.0,242.8,7.5,25.0,70.0,Female,Long Evans,False
302.5810526315789,397.8,8.1,22.44178947368421,70.0,Female,Fischer 344,False
326.0,374.1,6.4,22.0,70.0,Female,Sprague Dawley,False
210.0,430.5,7.8,21.1,68.13736842105263,Male,Long Evans,False
364.0,459.8,6.5,22.3,70.0,Female,Brown Norway,False
134.0,361.9,9.0,25.0,70.0,Male,Fischer 344,False
293.0,414.9628947368421,6.848915789473684,25.0,70.0,Male,Fischer 344,False
179.0,301.6,8.5,25.0,70.0,Female,Long Evans,False
235.0,362.9,10.0,24.6,70.0,Female,Long Evans,False
305.0,422.0,8.4,25.0,70.0,Female,Long Evans,False
214.0,403.8,9.2,25.0,70.0,Male,Brown Norway,False
262.0,366.9,6.7,25.0,68.13736842105263,Female,Sprague Dawley,False
401.0,431.1,4.7,22.4,70.0,Female,Brown Norway,False
242.0,443.3,9.0,25.0,68.13736842105263,Male,Fischer 344,False
384.0,483.0,7.5,24.1,70.0,Female,Sprague Dawley,False
187.0,382.2,10.0,25.0,70.0,Male,Sprague Dawley,False
353.0,416.9,5.6,24.2,70.0,Female,Sprague Dawley,False
444.0,500.0,5.2,18.6,70.0,Male,Long Evans,False
60.0,257.7,6.9,22.6,70.0,Female,Brown Norway,False
220.0,334.1,7.2,22.1,67.2,Female,Sprague Dawley,False
358.0,500.0,7.9,25.0,70.0,Male,Long Evans,False
280.0,460.0,6.5,25.0,70.0,Male,Long Evans,False
337.0,407.7,7.6,22.9,68.13736842105263,Female,Sprague Dawley,False
302.5810526315789,436.9,7.3,19.0,64.4,Male,Sprague Dawley,False
309.0,497.6,7.4,23.1,70.0,Male,Fischer 344,False
284.0,463.3,5.4,23.3,70.0,Male,Long Evans,False
417.0,500.0,6.0,23.2,70.0,Male,Fischer 344,False
325.0,394.7,2.3,18.6,60.5,Female,Sprague Dawley,False
334.0,422.8,6.4,22.1,70.0,Female,Sprague Dawley,False
259.0,454.3,5.0,22.44178947368421,69.0,Male,Brown Norway,False
251.0,415.3,9.3,25.0,70.0,Male,Sprague Dawley,False
257.0,479.3,8.6,23.6,70.0,Female,Sprague Dawley,False
339.0,485.6,7.3,25.0,70.0,Female,Fischer 344,False
258.0,341.7,9.7,25.0,70.0,Female,Fischer 344,False
329.0,385.5,5.3,20.2,70.0,Female,Brown Norway,False
508.0,500.0,7.5,22.8,68.13736842105263,Male,Long Evans,False
387.0,414.9628947368421,7.5,23.8,70.0,Male,Sprague Dawley,False
267.0,500.0,7.0,22.9,70.0,Male,Fischer 344,False
420.0,473.2,6.848915789473684,25.0,70.0,Female,Long Evans,False
259.0,460.0,5.7,22.3,70.0,Male,Long Evans,False
96.0,256.6,7.8,22.9,70.0,Female,Long Evans,False
199.0,425.2,6.848915789473684,25.0,68.13736842105263,Male,Fischer 344,False
113.0,278.2,8.1,24.8,70.0,Female,Fischer 344,False
265.0,471.8,5.8,23.5,70.0,Male,Long Evans,False
302.0,392.2,8.8,24.4,70.0,Female,Long Evans,False
468.0,500.0,4.9,21.6,70.0,Male,Sprague Dawley,False
333.0,495.7,7.2,24.3,70.0,Male,Long Evans,False
278.0,463.8,6.4,18.9,70.0,Female,Fischer 344,False
383.0,425.9,3.4,23.2,70.0,Female,Long Evans,False
79.0,370.0,9.6,25.0,70.0,Male,Long Evans,False
324.0,406.0,3.9,18.9,70.0,Female,Brown Norway,False
377.0,367.4,6.1,20.1,69.9,Female,Fischer 344,False
152.0,404.4,6.4,23.4,70.0,Male,Brown Norway,False
414.0,500.0,8.8,25.0,69.6,Male,Sprague Dawley,False
334.0,499.9,8.0,25.0,70.0,Male,Brown Norway,False
258.0,347.3,7.6,24.5,70.0,Female,Long Evans,False
363.0,500.0,8.3,25.0,70.0,Male,Fischer 344,False
527.0,250.0,1.05,11.0,35.0,Female,Fischer 344,True
302.5810526315789,375.5,7.6,25.0,70.0,Female,Brown Norway,False
325.0,500.0,7.1,21.4,61.6,Female,Brown Norway,False
254.0,433.0,6.848915789473684,22.44178947368421,70.0,Male,Sprague Dawley,False
215.0,401.4,9.8,25.0,70.0,Male,Sprague Dawley,False
383.0,500.0,7.3,25.0,70.0,Male,Long Evans,False
214.0,445.9,8.3,22.7,70.0,Male,Long Evans,False
307.0,500.0,4.4,20.8,70.0,Male,Long Evans,False
252.0,361.6,6.848915789473684,18.1,70.0,Female,Brown Norway,False
348.0,211.6,1.89,11.85,35.0,Female,Brown Norway,True
333.0,410.3,6.8,22.1,70.0,Female,Fischer 344,False
404.0,250.0,1.2899999999999998,22.44178947368421,35.0,Male,Long Evans,True
249.0,358.0,10.0,25.0,70.0,Female,Brown Norway,False
273.0,379.8,9.5,23.1,65.7,Female,Fischer 344,False
202.0,336.4,8.9,24.7,70.0,Female,Long Evans,False
256.0,377.1,7.6,20.1,69.6,Female,Sprague Dawley,False
338.0,416.8,6.3,24.1,70.0,Female,Sprague Dawley,False
376.0,500.0,4.8,16.6,60.0,Male,Brown Norway,False
302.5810526315789,446.1,8.0,24.7,70.0,Male,Fischer 344,False
387.0,431.6,6.848915789473684,18.7,70.0,Female,Sprague Dawley,False
436.0,443.7,6.848915789473684,18.9,70.0,Female,Fischer 344,False
341.0,401.5,7.1,25.0,70.0,Female,Fischer 344,False
488.0,500.0,4.9,21.6,68.9,Male,Sprague Dawley,False
223.0,420.1,4.9,19.2,66.2,Male,Fischer 344,False
176.0,302.4,7.0,23.3,70.0,Female,Sprague Dawley,False
122.0,357.4,8.2,24.8,70.0,Male,Brown Norway,False
450.0,500.0,8.3,25.0,70.0,Female,Long Evans,False
365.0,381.4,6.848915789473684,20.9,70.0,Female,Long Evans,False
294.0,480.9,5.1,22.2,68.1,Male,Brown Norway,False
328.0,496.8,6.848915789473684,18.5,70.0,Male,Sprague Dawley,False
187.0,296.1,5.8,20.7,70.0,Female,Sprague Dawley,False
545.0,500.0,6.2,21.4,69.2,Male,Sprague Dawley,False
313.0,500.0,6.2,23.7,70.0,Female,Sprague Dawley,False
311.0,354.4,6.8,23.1,70.0,Female,Brown Norway,False
373.0,500.0,8.3,22.1,70.0,Male,Long Evans,False
348.0,493.5,4.6,18.5,67.1,Male,Long Evans,False
322.0,374.6,4.7,21.0,70.0,Female,Fischer 344,False
221.0,349.2,6.9,23.1,70.0,Female,Long Evans,False
302.5810526315789,404.4,8.1,23.5,70.0,Female,Brown Norway,False
488.0,500.0,2.8,17.4,54.4,Male,Fischer 344,False
435.0,420.6,1.4,18.1,70.0,Female,Long Evans,False
459.0,500.0,4.7,19.6,70.0,Male,Brown Norway,False
249.0,324.5,8.3,24.8,70.0,Female,Fischer 344,False
302.5810526315789,210.9,2.94,12.5,35.0,Male,Sprague Dawley,True
287.0,378.0,6.4,19.9,66.1,Female,Sprague Dawley,False
306.0,205.3,1.89,9.45,33.4,Female,Brown Norway,True
409.0,419.5,7.6,25.0,70.0,Female,Sprague Dawley,False
131.0,218.1,5.9,22.44178947368421,70.0,Female,Brown Norway,False
453.0,500.0,4.9,20.2,64.3,Male,Long Evans,False
284.0,406.5,7.4,22.4,69.6,Female,Long Evans,False
257.0,414.9628947368421,8.1,24.2,70.0,Female,Fischer 344,False
199.0,423.5,6.848915789473684,25.0,70.0,Male,Brown Norway,False
135.0,270.9,8.7,25.0,70.0,Female,Fischer 344,False
302.5810526315789,500.0,2.4,19.7,63.1,Male,Fischer 344,False
307.0,364.9,5.9,19.3,70.0,Female,Long Evans,False
171.0,312.1,9.0,23.5,68.13736842105263,Female,Fischer 344,False
170.0,312.4,6.8,17.5,67.7,Female,Long Evans,False
266.0,481.1,7.4,22.3,70.0,Male,Fischer 344,False
467.0,500.0,6.0,24.1,70.0,Female,Brown Norway,False
274.0,372.3,6.848915789473684,24.1,70.0,Female,Long Evans,False
150.0,279.6,8.8,25.0,70.0,Female,Long Evans,False
275.0,464.7,5.8,21.9,70.0,Male,Brown Norway,False
273.0,428.3,7.0,22.0,70.0,Male,Sprague Dawley,False
60.0,222.1,10.0,25.0,70.0,Female,Brown Norway,False
295.0,468.6,7.3,25.0,70.0,Male,Long Evans,False
277.0,355.7,6.4,19.4,67.9,Female,Brown Norway,False
370.0,424.8,6.6,23.6,70.0,Female,Brown Norway,False
485.0,474.5,6.2,24.3,70.0,Female,Sprague Dawley,False
413.0,470.0,6.848915789473684,17.5,70.0,Female,Long Evans,False
273.0,363.9,9.0,25.0,69.6,Female,Long Evans,False
189.0,313.4,7.6,25.0,70.0,Female,Brown Norway,False
557.0,500.0,5.1,20.9,70.0,Female,Brown Norway,False
306.0,486.7,8.7,25.0,70.0,Male,Long Evans,False
301.0,497.3,4.9,19.4,70.0,Male,Long Evans,False
298.0,461.2,6.0,22.5,70.0,Male,Fischer 344,False
320.0,478.7,6.4,23.6,70.0,Male,Long Evans,False
286.0,465.3,6.0,22.6,70.0,Male,Brown Norway,False
302.5810526315789,418.7,10.0,25.0,70.0,Male,Sprague Dawley,False
245.0,430.8,6.3,22.9,70.0,Male,Long Evans,False
297.0,368.5,6.2,25.0,70.0,Female,Fischer 344,False
246.0,364.9,7.9,22.44178947368421,70.0,Female,Fischer 344,False
229.0,342.5,5.9,24.0,70.0,Female,Long Evans,False
311.0,390.3,6.3,22.1,70.0,Female,Sprague Dawley,False
275.0,481.7,7.7,22.44178947368421,70.0,Male,Long Evans,False
450.0,500.0,5.0,21.6,70.0,Male,Long Evans,False
60.0,243.8,9.3,24.2,70.0,Female,Long Evans,False
409.0,443.4,5.1,21.8,66.8,Female,Sprague Dawley,False
425.0,500.0,3.5,17.2,68.1,Male,Sprague Dawley,False
93.0,243.9,9.6,25.0,70.0,Female,Brown Norway,False
266.0,310.7,10.0,25.0,70.0,Female,Fischer 344,False
263.0,355.0,7.4,24.5,70.0,Female,Fischer 344,False
159.0,324.0,8.7,23.1,70.0,Female,Long Evans,False
222.0,451.9,8.8,25.0,70.0,Male,Sprague Dawley,False
189.0,332.7,6.2,23.6,70.0,Female,Sprague Dawley,False
475.0,500.0,7.8,23.0,70.0,Female,Long Evans,False
302.5810526315789,500.0,6.4,19.6,70.0,Male,Long Evans,False
427.0,500.0,8.2,24.5,70.0,Female,Brown Norway,False
372.0,410.9,5.2,20.3,70.0,Female,Fischer 344,False
187.0,405.9,10.0,22.44178947368421,70.0,Male,Long Evans,False
248.0,360.8,8.7,24.7,70.0,Female,Fischer 344,False
349.0,433.4,7.3,19.8,70.0,Female,Brown Norway,False
178.0,403.9,8.6,24.5,70.0,Male,Long Evans,False
371.0,414.9628947368421,5.9,21.5,70.0,Female,Long Evans,False
276.0,365.6,9.0,25.0,70.0,Female,Fischer 344,False
302.5810526315789,369.5,7.6,22.7,70.0,Female,Fischer 344,False
371.0,393.8,3.3,22.44178947368421,70.0,Female,Brown Norway,False
344.0,460.7,4.9,17.0,58.7,Male,Long Evans,False
264.0,447.3,7.1,25.0,70.0,Male,Sprague Dawley,False
416.0,425.1,6.3,22.1,68.13736842105263,Female,Fischer 344,False
192.0,414.9628947368421,8.0,25.0,70.0,Male,Brown Norway,False
362.0,414.0,8.2,25.0,70.0,Female,Fischer 344,False
359.0,406.5,6.848915789473684,21.5,70.0,Female,Sprague Dawley,False
269.0,390.5,7.5,23.3,70.0,Female,Fischer 344,False
333.0,406.1,3.9,17.5,56.0,Female,Sprague Dawley,False
175.0,310.9,9.4,25.0,70.0,Female,Sprague Dawley,False
392.0,500.0,5.9,21.9,66.8,Male,Sprague Dawley,False
282.0,414.9628947368421,7.8,24.8,70.0,Female,Long Evans,False
248.0,469.4,6.2,24.9,70.0,Male,Long Evans,False
405.0,500.0,7.9,22.4,70.0,Male,Fischer 344,False
230.0,351.1,9.3,25.0,70.0,Female,Sprague Dawley,False
159.0,274.1,9.3,25.0,70.0,Female,Long Evans,False
144.0,255.5,8.4,24.8,70.0,Female,Long Evans,False
361.0,432.7,7.3,22.44178947368421,70.0,Female,Fischer 344,False
172.0,310.7,7.2,20.7,70.0,Female,Fischer 344,False
475.0,250.0,1.95,10.65,35.0,Male,Fischer 344,True
92.0,237.7,10.0,25.0,70.0,Female,Fischer 344,False
470.0,500.0,6.9,25.0,70.0,Female,Brown Norway,False
321.0,468.9,5.7,21.7,70.0,Female,Sprague Dawley,False
290.0,500.0,7.6,24.7,70.0,Male,Fischer 344,False
246.0,329.3,5.6,21.1,67.1,Female,Brown Norway,False
340.0,500.0,7.5,25.0,70.0,Male,Sprague Dawley,False
296.0,371.2,7.7,23.9,70.0,Female,Long Evans,False
410.0,500.0,3.1,19.2,68.8,Male,Fischer 344,False
311.0,476.0,5.1,23.5,70.0,Male,Brown Norway,False
315.0,385.8,6.4,21.2,70.0,Female,Long Evans,False
264.0,459.0,6.9,25.0,70.0,Male,Brown Norway,False
294.0,456.5,5.2,18.2,59.4,Male,Sprague Dawley,False
331.0,500.0,7.3,25.0,70.0,Male,Sprague Dawley,False
129.0,367.1,9.1,25.0,70.0,Female,Long Evans,False
165.0,394.5,8.1,24.2,70.0,Male,Brown Norway,False
374.0,500.0,5.1,17.4,61.8,Male,Fischer 344,False
317.0,339.0,8.4,24.2,70.0,Female,Fischer 344,False
282.0,365.1,9.7,24.5,70.0,Female,Long Evans,False
302.0,500.0,6.3,21.3,65.7,Male,Long Evans,False
335.0,416.5,5.7,21.6,70.0,Female,Long Evans,False
246.0,347.2,8.3,25.0,70.0,Female,Long Evans,False
222.0,414.9628947368421,7.2,24.1,68.13736842105263,Female,Fischer 344,False
320.0,492.2,6.6,23.5,68.13736842105263,Male,Fischer 344,False
202.0,332.2,9.1,23.7,70.0,Female,Fischer 344,False
341.0,480.9,3.7,22.44178947368421,64.1,Male,Long Evans,False
130.0,300.1,10.0,25.0,70.0,Female,Fischer 344,False
403.0,500.0,6.1,20.8,70.0,Male,Sprague Dawley,False
347.0,500.0,5.9,25.0,70.0,Male,Long Evans,False
326.0,404.1,6.6,22.4,70.0,Female,Fischer 344,False
302.5810526315789,219.7,1.7999999999999998,11.1,35.0,Female,Brown Norway,True
467.0,414.9628947368421,2.7,20.4,70.0,Male,Long Evans,False
401.0,414.9628947368421,8.2,25.0,70.0,Female,Sprague Dawley,False
302.5810526315789,131.25,2.67,12.5,35.0,Female,Sprague Dawley,True
172.0,291.8,8.9,25.0,70.0,Female,Brown Norway,False
238.0,444.5,9.1,25.0,70.0,Male,Brown Norway,False
303.0,500.0,5.4,22.2,70.0,Male,Long Evans,False
352.0,386.3,7.2,25.0,70.0,Female,Long Evans,False
227.0,414.9628947368421,7.3,23.8,70.0,Female,Sprague Dawley,False
319.0,394.5,8.1,25.0,70.0,Female,Brown Norway,False
224.0,435.7,4.6,23.8,70.0,Male,Long Evans,False
239.0,446.8,7.5,24.7,70.0,Male,Sprague Dawley,False
159.0,300.5,7.5,24.6,70.0,Female,Brown Norway,False
208.0,320.1,8.6,22.44178947368421,70.0,Female,Sprague Dawley,False
165.0,328.7,9.1,20.6,68.13736842105263,Female,Fischer 344,False
202.0,289.4,6.9,24.1,70.0,Female,Brown Norway,False
405.0,426.6,4.9,20.7,70.0,Female,Long Evans,False
205.0,321.0,7.8,23.3,70.0,Female,Long Evans,False
563.0,500.0,3.0,19.1,69.9,Male,Fischer 344,False
349.0,406.1,7.8,24.2,70.0,Female,Long Evans,False
318.0,500.0,6.3,24.8,70.0,Male,Long Evans,False
214.0,328.9,3.5,19.4,70.0,Female,Long Evans,False
370.0,426.6,5.7,20.4,68.1,Female,Fischer 344,False
242.0,420.3,6.0,24.2,70.0,Male,Fischer 344,False
302.5810526315789,475.0,4.4,19.9,69.7,Male,Brown Norway,False
556.0,500.0,2.6,19.2,69.0,Male,Brown Norway,False
290.0,467.9,7.3,22.8,70.0,Male,Long Evans,False
415.0,474.6,7.8,23.1,70.0,Female,Fischer 344,False
230.0,449.0,8.2,25.0,70.0,Male,Sprague Dawley,False
297.0,355.7,6.1,22.44178947368421,68.13736842105263,Female,Fischer 344,False
477.0,500.0,5.9,23.1,65.7,Male,Sprague Dawley,False
237.0,352.3,6.9,22.8,70.0,Female,Sprague Dawley,False
481.0,500.0,4.1,22.44178947368421,62.7,Female,Long Evans,False
371.0,454.1,4.6,19.6,70.0,Female,Fischer 344,False
244.0,326.0,4.9,22.5,70.0,Female,Sprague Dawley,False
363.0,401.7,5.8,21.3,70.0,Female,Brown Norway,False
397.0,413.2,6.3,22.0,70.0,Female,Sprague Dawley,False
362.0,500.0,6.2,24.5,70.0,Male,Brown Norway,False
143.0,295.1,7.9,23.1,70.0,Female,Brown Norway,False
227.0,456.1,6.3,19.5,70.0,Male,Fischer 344,False
275.0,463.6,8.2,24.5,70.0,Male,Brown Norway,False
293.0,369.1,5.1,20.2,68.2,Female,Sprague Dawley,False
362.0,500.0,6.848915789473684,22.1,69.3,Male,Brown Norway,False
318.0,374.0,5.3,21.0,70.0,Female,Fischer 344,False
166.0,441.7,7.2,22.44178947368421,70.0,Male,Long Evans,False
338.0,370.7,4.4,20.3,64.1,Female,Long Evans,False
361.0,500.0,5.6,22.4,65.5,Male,Sprague Dawley,False
356.0,454.1,7.9,25.0,70.0,Female,Fischer 344,False
408.0,445.0,6.7,22.3,70.0,Female,Fischer 344,False
383.0,426.2,7.6,24.7,70.0,Female,Fischer 344,False
346.0,400.4,7.3,22.8,70.0,Female,Fischer 344,False
293.0,472.2,5.4,19.8,68.6,Male,Sprague Dawley,False
134.0,307.8,8.2,23.6,70.0,Female,Long Evans,False
343.0,461.5,5.4,20.5,70.0,Male,Brown Norway,False
321.0,500.0,8.8,25.0,70.0,Male,Brown Norway,False
327.0,467.8,4.9,25.0,70.0,Male,Long Evans,False
172.0,298.1,9.6,25.0,70.0,Female,Long Evans,False
192.0,406.6,9.4,25.0,70.0,Male,Long Evans,False
405.0,500.0,6.848915789473684,25.0,70.0,Male,Fischer 344,False
296.0,445.7,6.4,23.5,70.0,Male,Sprague Dawley,False
368.0,430.1,7.4,24.4,70.0,Female,Sprague Dawley,False
303.0,422.2,10.0,25.0,70.0,Female,Sprague Dawley,False
303.0,454.5,6.0,17.4,61.8,Male,Fischer 344,False
394.0,440.1,3.8,14.7,50.2,Female,Sprague Dawley,False
248.0,335.8,4.7,19.6,67.1,Female,Fischer 344,False
310.0,494.3,8.0,25.0,70.0,Male,Sprague Dawley,False
254.0,452.6,4.6,22.44178947368421,63.2,Male,Long Evans,False
257.0,341.1,6.9,17.2,60.2,Female,Long Evans,False
269.0,471.2,8.0,25.0,70.0,Male,Brown Norway,False
322.0,429.4,7.1,24.0,70.0,Female,Fischer 344,False
252.0,347.5,8.1,22.6,70.0,Female,Sprague Dawley,False
426.0,469.7,6.1,20.3,70.0,Female,Brown Norway,False
211.0,300.5,9.8,24.8,70.0,Female,Long Evans,False
281.0,349.7,5.8,22.1,70.0,Female,Long Evans,False
302.5810526315789,363.1,6.4,21.5,70.0,Female,Long Evans,False
445.0,414.9628947368421,4.4,21.3,70.0,Male,Fischer 344,False
320.0,498.9,8.0,18.9,65.4,Male,Fischer 344,False
403.0,435.6,7.3,22.1,69.0,Female,Sprague Dawley,False
151.0,290.9,9.2,23.7,70.0,Female,Long Evans,False
327.0,371.0,8.5,24.7,70.0,Female,Sprague Dawley,False
389.0,500.0,4.3,19.1,62.9,Male,Sprague Dawley,False
308.0,402.6,9.4,25.0,68.13736842105263,Female,Long Evans,False
407.0,500.0,8.2,21.1,70.0,Male,Sprague Dawley,False
248.0,339.6,8.6,25.0,70.0,Female,Brown Norway,False
441.0,469.9,8.3,25.0,68.13736842105263,Female,Fischer 344,False
530.0,250.0,6.848915789473684,10.7,35.0,Male,Sprague Dawley,True
264.0,456.9,6.6,21.9,70.0,Male,Long Evans,False
255.0,395.3,6.3,23.3,70.0,Female,Fischer 344,False
445.0,462.3,6.6,19.3,62.7,Female,Fischer 344,False
458.0,467.6,3.8,14.8,68.6,Female,Sprague Dawley,False
248.0,435.7,8.7,25.0,70.0,Male,Brown Norway,False
258.0,469.7,9.5,25.0,70.0,Male,Sprague Dawley,False
272.0,459.5,8.3,25.0,70.0,Male,Brown Norway,False
166.0,193.15,2.64,11.4,35.0,Male,Fischer 344,True
208.0,451.3,6.848915789473684,23.8,70.0,Female,Sprague Dawley,False
200.0,448.1,6.7,25.0,70.0,Male,Long Evans,False
223.0,321.9,9.6,22.44178947368421,70.0,Female,Sprague Dawley,False
297.0,340.6,6.848915789473684,25.0,70.0,Female,Brown Norway,False
323.0,500.0,6.7,23.1,70.0,Male,Brown Norway,False
455.0,459.3,4.8,17.6,70.0,Female,Sprague Dawley,False
302.5810526315789,335.9,5.0,23.7,70.0,Female,Brown Norway,False
398.0,499.7,4.4,19.1,62.9,Male,Long Evans,False
279.0,385.0,10.0,25.0,70.0,Female,Sprague Dawley,False
295.0,452.8,5.1,18.0,67.6,Male,Brown Norway,False
367.0,500.0,6.6,20.6,70.0,Male,Sprague Dawley,False
188.0,312.9,9.6,25.0,70.0,Female,Sprague Dawley,False
338.0,483.9,4.7,20.0,70.0,Male,Long Evans,False
317.0,481.8,7.1,25.0,70.0,Male,Sprague Dawley,False
349.0,500.0,7.9,24.3,70.0,Male,Long Evans,False
329.0,499.5,6.7,19.4,68.3,Male,Brown Norway,False
546.0,500.0,8.8,25.0,70.0,Male,Long Evans,False
236.0,481.3,5.1,20.0,70.0,Male,Long Evans,False
247.0,416.9,9.1,25.0,70.0,Male,Long Evans,False
238.0,475.0,7.4,23.9,70.0,Male,Fischer 344,False
244.0,414.9628947368421,8.7,22.4,70.0,Female,Long Evans,False
236.0,323.8,8.3,25.0,70.0,Female,Sprague Dawley,False
419.0,424.7,4.7,25.0,70.0,Female,Long Evans,False
442.0,500.0,5.9,23.1,70.0,Male,Sprague Dawley,False
243.0,414.9628947368421,4.8,20.6,70.0,Male,Long Evans,False
217.0,327.5,8.7,25.0,70.0,Female,Fischer 344,False
347.0,414.9628947368421,7.0,23.8,70.0,Female,Brown Norway,False
245.0,317.8,8.5,25.0,70.0,Female,Long Evans,False
302.5810526315789,500.0,8.0,22.4,67.3,Male,Long Evans,False
320.0,183.55,6.848915789473684,12.15,35.0,Female,Fischer 344,True
148.0,414.9628947368421,8.7,25.0,70.0,Female,Long Evans,False
455.0,500.0,4.1,18.3,64.5,Male,Sprague Dawley,False
480.0,479.3,4.1,22.8,70.0,Female,Long Evans,False
239.0,391.1,6.848915789473684,25.0,70.0,Male,Long Evans,False
261.0,460.7,9.5,24.7,70.0,Male,Long Evans,False
329.0,500.0,6.4,24.6,70.0,Male,Brown Norway,False
333.0,408.2,6.7,22.5,70.0,Female,Long Evans,False
366.0,444.2,5.0,22.5,70.0,Female,Fischer 344,False
501.0,500.0,6.7,22.5,70.0,Male,Brown Norway,False
282.0,414.9628947368421,8.2,22.44178947368421,70.0,Female,Long Evans,False
220.0,356.0,10.0,25.0,70.0,Female,Brown Norway,False
162.0,261.7,7.1,24.1,70.0,Female,Long Evans,False
227.0,342.5,7.2,19.6,66.5,Female,Brown Norway,False
297.0,467.9,7.4,21.6,66.5,Male,Brown Norway,False
479.0,486.0,6.2,24.3,70.0,Female,Sprague Dawley,False
248.0,455.9,7.2,23.4,70.0,Male,Long Evans,False
322.0,483.7,5.5,20.5,70.0,Male,Long Evans,False
298.0,365.5,8.3,22.3,68.6,Female,Long Evans,False
419.0,500.0,6.9,21.1,70.0,Male,Long Evans,False
553.0,500.0,3.1,14.7,57.3,Female,Brown Norway,False
247.0,326.4,9.6,25.0,70.0,Female,Sprague Dawley,False
251.0,464.2,9.2,24.9,70.0,Male,Sprague Dawley,False
302.5810526315789,500.0,6.2,20.5,64.6,Male,Fischer 344,False
368.0,500.0,6.4,22.6,70.0,Male,Long Evans,False
485.0,500.0,6.0,22.9,70.0,Male,Fischer 344,False
358.0,380.5,5.1,25.0,70.0,Female,Brown Norway,False
264.0,344.9,7.4,20.9,70.0,Female,Fischer 344,False
359.0,439.3,3.2,21.1,70.0,Female,Long Evans,False
411.0,500.0,7.2,25.0,70.0,Male,Sprague Dawley,False
382.0,500.0,3.8,18.0,70.0,Female,Sprague Dawley,False
351.0,500.0,8.7,25.0,70.0,Male,Long Evans,False
407.0,459.7,5.4,20.6,65.1,Female,Brown Norway,False
417.0,500.0,5.5,22.0,70.0,Male,Long Evans,False
438.0,451.0,4.7,23.6,70.0,Female,Brown Norway,False
365.0,500.0,5.9,23.3,70.0,Male,Sprague Dawley,False
283.0,404.8,9.3,25.0,70.0,Female,Brown Norway,False
315.0,204.2,6.848915789473684,8.95,34.05,Female,Long Evans,True
421.0,500.0,7.7,21.3,65.1,Male,Long Evans,False
302.5810526315789,414.8,8.3,24.6,70.0,Male,Long Evans,False
337.0,385.5,4.8,23.2,70.0,Female,Brown Norway,False
302.5810526315789,366.8,5.8,18.9,66.9,Female,Brown Norway,False
302.5810526315789,490.1,9.5,24.3,70.0,Female,Brown Norway,False
428.0,500.0,4.3,20.4,70.0,Male,Sprague Dawley,False
319.0,404.5,5.1,19.1,68.13736842105263,Female,Fischer 344,False
305.0,452.7,8.7,23.8,70.0,Male,Fischer 344,False
164.0,319.4,8.9,24.8,68.13736842105263,Female,Long Evans,False
375.0,404.8,4.8,18.1,64.6,Female,Sprague Dawley,False
365.0,500.0,6.7,21.1,70.0,Male,Brown Norway,False
516.0,500.0,3.3,20.4,70.0,Male,Long Evans,False
269.0,500.0,9.0,23.1,70.0,Male,Sprague Dawley,False
322.0,500.0,8.4,21.9,70.0,Male,Long Evans,False
325.0,500.0,7.5,22.8,70.0,Male,Sprague Dawley,False
458.0,471.0,6.0,23.6,70.0,Female,Sprague Dawley,False
290.0,385.0,9.7,25.0,70.0,Female,Fischer 344,False
328.0,500.0,6.7,22.1,69.4,Male,Long Evans,False
361.0,500.0,4.6,20.6,69.9,Female,Brown Norway,False
319.0,500.0,7.5,20.5,70.0,Male,Fischer 344,False
255.0,357.8,10.0,22.44178947368421,70.0,Female,Fischer 344,False
319.0,500.0,5.3,22.1,70.0,Male,Brown Norway,False
407.0,500.0,5.4,20.6,68.0,Male,Sprague Dawley,False
197.0,414.9628947368421,8.7,25.0,70.0,Female,Brown Norway,False
313.0,404.8,6.8,20.9,68.13736842105263,Female,Long Evans,False
230.0,425.6,6.2,24.7,70.0,Male,Brown Norway,False
302.5810526315789,414.9628947368421,7.5,24.3,70.0,Male,Sprague Dawley,False
148.0,366.6,10.0,25.0,70.0,Male,Brown Norway,False
244.0,355.3,7.9,24.4,70.0,Female,Long Evans,False
338.0,500.0,5.3,21.1,66.2,Male,Sprague Dawley,False
457.0,250.0,0.9299999999999999,10.6,35.0,Male,Long Evans,True
293.0,500.0,7.5,21.8,70.0,Male,Brown Norway,False
244.0,346.6,9.2,24.5,70.0,Female,Brown Norway,False
488.0,414.9628947368421,5.8,24.1,70.0,Female,Long Evans,False
155.0,371.3,8.4,23.9,70.0,Male,Sprague Dawley,False
80.0,340.3,8.3,25.0,70.0,Male,Brown Norway,False
344.0,420.3,4.9,24.3,70.0,Female,Long Evans,False
250.0,366.9,8.8,24.7,70.0,Female,Sprague Dawley,False
198.0,312.8,9.4,25.0,70.0,Female,Long Evans,False
371.0,421.1,4.0,17.5,63.6,Female,Brown Norway,False
302.5810526315789,364.3,6.848915789473684,25.0,70.0,Female,Long Evans,False
244.0,339.0,8.4,25.0,70.0,Female,Long Evans,False
172.0,321.0,10.0,25.0,70.0,Female,Sprague Dawley,False
387.0,443.9,6.848915789473684,18.6,64.8,Female,Fischer 344,False
365.0,429.0,4.3,16.8,61.1,Female,Fischer 344,False
290.0,475.0,6.9,24.3,70.0,Male,Sprague Dawley,False
485.0,500.0,5.9,18.0,64.2,Male,Sprague Dawley,False
193.0,402.6,10.0,25.0,70.0,Male,Long Evans,False
147.0,302.4,9.6,25.0,70.0,Female,Sprague Dawley,False
302.5810526315789,446.9,6.848915789473684,24.2,70.0,Male,Fischer 344,False
295.0,387.1,5.5,25.0,70.0,Female,Fischer 344,False
324.0,384.1,8.6,25.0,70.0,Female,Brown Norway,False
276.0,422.5,5.8,20.6,69.6,Male,Sprague Dawley,False
335.0,423.1,9.1,25.0,70.0,Female,Fischer 344,False
175.0,395.3,7.8,24.3,70.0,Male,Brown Norway,False
444.0,500.0,7.9,21.4,61.7,Male,Brown Norway,False
292.0,488.9,8.1,22.8,65.7,Female,Long Evans,False
412.0,439.2,5.7,22.44178947368421,70.0,Female,Fischer 344,False
334.0,500.0,5.9,18.0,69.0,Female,Long Evans,False
346.0,419.7,6.0,22.3,70.0,Female,Fischer 344,False
357.0,500.0,7.1,23.0,70.0,Male,Long Evans,False
345.0,479.5,6.7,19.7,70.0,Male,Long Evans,False
364.0,500.0,5.5,22.4,70.0,Male,Sprague Dawley,False
433.0,465.0,5.4,22.9,70.0,Female,Long Evans,False
320.0,384.4,6.9,23.8,69.4,Female,Sprague Dawley,False
371.0,425.4,3.1,18.1,61.6,Female,Brown Norway,False
291.0,439.1,6.848915789473684,25.0,70.0,Male,Fischer 344,False
444.0,250.0,1.2299999999999998,10.65,35.0,Male,Brown Norway,True
232.0,318.8,5.9,22.8,70.0,Female,Fischer 344,False
480.0,414.9628947368421,2.7,16.6,63.7,Female,Brown Norway,False
296.0,347.1,4.3,20.8,70.0,Female,Fischer 344,False
157.0,316.4,6.4,25.0,70.0,Female,Long Evans,False
313.0,375.1,5.8,20.8,70.0,Female,Fischer 344,False
232.0,369.8,10.0,22.44178947368421,70.0,Female,Fischer 344,False
384.0,500.0,5.4,20.4,70.0,Male,Brown Norway,False
302.5810526315789,306.7,7.9,24.6,70.0,Female,Brown Norway,False
302.5810526315789,430.9,8.0,23.3,70.0,Male,Brown Norway,False
111.0,391.3,9.1,25.0,70.0,Male,Sprague Dawley,False
255.0,349.7,7.3,20.3,64.4,Female,Sprague Dawley,False
60.0,225.0,7.6,23.0,70.0,Female,Fischer 344,False
142.0,388.2,10.0,24.8,70.0,Male,Fischer 344,False
376.0,435.7,9.0,25.0,70.0,Female,Long Evans,False
379.0,224.75,6.848915789473684,10.7,35.0,Female,Long Evans,True
343.0,500.0,5.0,22.3,70.0,Male,Fischer 344,False
203.0,414.8,7.5,19.3,70.0,Male,Sprague Dawley,False
295.0,414.9628947368421,6.848915789473684,25.0,68.8,Male,Fischer 344,False
300.0,371.5,7.8,24.9,68.13736842105263,Female,Long Evans,False
184.0,415.7,7.1,21.9,70.0,Male,Sprague Dawley,False
302.5810526315789,225.45,6.848915789473684,12.5,35.0,Female,Sprague Dawley,True
388.0,500.0,7.9,24.8,70.0,Male,Long Evans,False
278.0,473.6,7.5,22.7,70.0,Male,Fischer 344,False
303.0,480.6,8.5,25.0,70.0,Male,Brown Norway,False
321.0,393.2,8.5,23.9,68.13736842105263,Female,Fischer 344,False
96.0,242.3,8.2,24.0,70.0,Female,Fischer 344,False
275.0,460.6,6.0,20.9,70.0,Male,Long Evans,False
232.0,420.6,6.848915789473684,21.5,65.4,Male,Sprague Dawley,False
200.0,437.7,6.848915789473684,25.0,70.0,Male,Long Evans,False
272.0,383.8,7.5,25.0,69.1,Female,Long Evans,False
480.0,500.0,2.8,19.4,65.4,Male,Brown Norway,False
364.0,399.9,5.2,22.8,70.0,Female,Long Evans,False
243.0,415.8,7.5,24.6,70.0,Male,Brown Norway,False
357.0,500.0,6.3,21.5,70.0,Male,Long Evans,False
